{"cameraMode":{"drawMode":0,"name":"Shaded","section":"Shading Mode"},"sceneLighting":false,"audioPlay":false,"sceneViewState":{"m_AlwaysRefresh":false,"showFog":true,"showSkybox":false,"showFlares":true,"showImageEffects":true,"showParticleSystems":true,"showVisualEffectGraphs":true,"m_FxEnabled":true},"in2DMode":false,"pivot":{"x":0.44364210963249209,"y":-0.32934048771858218,"z":0.4999999701976776},"rotation":{"x":0.1489567905664444,"y":0.7340258359909058,"z":-0.17080597579479218,"w":0.6402591466903687},"size":0.9846331477165222,"orthographic":false}