{"cameraMode":{"drawMode":0,"name":"Shaded","section":"Shading Mode"},"sceneLighting":true,"audioPlay":false,"sceneViewState":{"m_AlwaysRefresh":false,"showFog":true,"showSkybox":true,"showFlares":true,"showImageEffects":true,"showParticleSystems":true,"showVisualEffectGraphs":true,"m_FxEnabled":true},"in2DMode":false,"pivot":{"x":0.17236733436584474,"y":0.2406935691833496,"z":0.35460716485977175},"rotation":{"x":0.276757150888443,"y":0.5857093334197998,"z":-0.22248053550720216,"w":0.7286169528961182},"size":12.061345100402832,"orthographic":false}