{"cameraMode":{"drawMode":0,"name":"Shaded","section":"Shading Mode"},"sceneLighting":true,"audioPlay":false,"sceneViewState":{"m_AlwaysRefresh":false,"showFog":true,"showSkybox":true,"showFlares":true,"showImageEffects":true,"showParticleSystems":true,"showVisualEffectGraphs":true,"m_FxEnabled":true},"in2DMode":false,"pivot":{"x":-16.809965133666993,"y":15.97250747680664,"z":0.46558380126953127},"rotation":{"x":-0.26874715089797976,"y":0.012694641016423703,"z":-0.0035444977693259718,"w":-0.9631431102752686},"size":20.3526668548584,"orthographic":false}